Step,Reward,Average Reward,Cumulative Reward,Expected Utility,Expected Info Gain,Num Components
0,0,0.0,0,0.0,0.0,0.0
1,0,0.0,0,0.0,0.0,0.0
2,0,0.0,0,0.0,0.0,0.0
3,0,0.0,0,0.0,0.0,0.0
4,0,0.0,0,0.0,-0.0004989952,1.0
5,0,0.0,0,0.0,-0.06293576,2.0
6,0,0.0,0,0.0,0.49900597,3.0
7,0,0.0,0,0.0,0.49900794,4.0
8,0,0.0,0,0.0,0.4990099,5.0
9,0,0.0,0,0.0,0.49901184,6.0
10,0,0.0,0,0.0,0.4990138,7.0
11,0,0.0,0,0.0,0.49901575,8.0
12,0,0.0,0,0.0,0.4990177,9.0
13,0,0.0,0,0.0,0.99804306,11.0
14,0,0.0,0,0.0,0.9952098,13.0
15,0,0.0,0,0.0,0.9952173,14.0
16,0,0.0,0,0.0,0.99522483,15.0
17,0,0.0,0,0.0,0.9980732,17.0
18,0,0.0,0,0.0,0.9980806,19.0
19,0,0.0,0,0.0,0.99808794,21.0
20,0,0.0,0,0.0,0.9952543,23.0
21,0,0.0,0,0.0,0.99526155,24.0
22,0,0.0,0,0.0,0.9952687,25.0
23,0,0.0,0,0.0,0.9924349,26.0
24,0,0.0,0,0.0,0.9981238,28.0
25,0,0.0,0,0.0,0.93284833,30.0
26,0,0.0,0,0.0,0.8704133,31.0
27,0,0.0,0,0.0,0.8079777,32.0
28,0,0.0,0,0.0,0.7427008,33.0
29,0,0.0,0,0.0,0.6859461,35.0
